{
    "blockGenerationPattern": {
        "Sample": [
            {
                "position": [
                    -20.0,
                    0.0,
                    60.0
                ],
                "velocity": [
                    0.0,
                    0.0,
                    -0.10000000149011612
                ]
            },
            {
                "position": [
                    -65.0,
                    0.0,
                    -20.0
                ],
                "velocity": [
                    0.10000000149011612,
                    0.0,
                    0.0
                ]
            },
            {
                "position": [
                    20.0,
                    0.0,
                    -60.0
                ],
                "velocity": [
                    0.0,
                    0.0,
                    0.10000000149011612
                ]
            },
            {
                "position": [
                    70.0,
                    0.0,
                    20.0
                ],
                "velocity": [
                    -0.10000000149011612,
                    0.0,
                    0.0
                ]
            }
        ]
    }
}
