{
    "blockGenerationPattern": {
        "Sample": [
            {
                "position": [
                    -200.0,
                    0.0,
                    60.0
                ],
                "velocity": [
                    0.10000000149011612,
                    0.0,
                    0.0
                ]
            },
            {
                "position": [
                    -200.0,
                    0.0,
                    -60.0
                ],
                "velocity": [
                    0.10000000149011612,
                    0.0,
                    0.0
                ]
            }
        ]
    }
}
