{
    "blockGenerationPattern": {
        "Sample": [
            {
                "position": [
                    -20.0,
                    0.0,
                    60.0
                ],
                "velocity": [
                    0.0,
                    0.0,
                    -0.10000000149011612
                ]
            },
            {
                "position": [
                    10.0,
                    0.0,
                    60.0
                ],
                "velocity": [
                    0.0,
                    0.0,
                    -0.10000000149011612
                ]
            }
        ]
    }
}
