{
    "BlockManager": {
        "blockSize Big": [
            4.0,
            2.0,
            4.0
        ],
        "blockSize Middle": [
            3.0,
            2.0,
            3.0
        ],
        "blockSize Small": [
            2.0,
            2.0,
            2.0
        ],
        "blockSpeed Fast": 0.20000000298023224,
        "blockSpeed Middle": 0.15000000596046448,
        "blockSpeed Slow": 0.10000000149011612,
        "generatedWidth_": 75.0,
        "generationBlockFrame": 180,
        "maxBlock": 64,
        "maxBlockPosition": [
            150.0,
            150.0,
            150.0
        ],
        "minBlockPosition": [
            -150.0,
            -150.0,
            -150.0
        ]
    }
}
