{
    "FollowCamera": {
        "moveRate": 0.10000000149011612,
        "offsetLengthConnectMax": 10.0,
        "offsetLengthMax": -200.0,
        "offsetLengthMin": -100.0,
        "offsetLengthTSpeed": 0.05000000074505806,
        "rotateRate": 0.10000000149011612
    }
}
