{
    "RankColor": {
        "A": [
            0.8859999775886536,
            0.35600000619888306,
            0.25
        ],
        "B": [
            0.8859999775886536,
            0.847000002861023,
            0.25
        ],
        "C": [
            0.32499998807907104,
            0.6309999823570251,
            0.847000002861023
        ],
        "S": [
            1.0,
            1.0,
            1.0
        ]
    }
}
