{
    "Rocket": {
        "rotate": [
            3.140000104904175,
            0.0,
            -0.4699999988079071
        ],
        "scale": [
            1.5,
            1.5,
            1.5
        ],
        "soilRotate": [
            0.0,
            0.0,
            0.0
        ],
        "soilScale": [
            5.0,
            5.0,
            5.0
        ],
        "soilTranslate": [
            0.5,
            0.9399999976158142,
            0.0
        ],
        "toPlayerLength": 4.5,
        "translate": [
            1.0,
            4.800000190734863,
            0.0
        ]
    }
}
