{
    "Target": {
        "ModePosition": [
            640.0,
            175.0
        ],
        "ModeSize": [
            498.5400085449219,
            108.4800033569336
        ],
        "Range": 100.0
    }
}
