{
    "TilteSceneSprite": {
        "ButtonSpritePosition": [
            637.1400146484375,
            560.0
        ],
        "ButtonSpriteSize": [
            128.0,
            128.0
        ],
        "TilteSpritePosition": [
            400.0,
            240.0
        ],
        "TilteSpriteSize": [
            576.0,
            204.8000030517578
        ]
    }
}
