{
    "TilteObj": {
        "PlayerMoveTSpeed": 0.004999999888241291,
        "PlayerPosition0": [
            5.5,
            -3.5,
            0.0
        ],
        "PlayerPosition1": [
            8.5,
            -0.5,
            -1.0
        ],
        "PlayerRotate": [
            0.0,
            3.140000104904175,
            -0.3700000047683716
        ],
        "PlayerRotateSpeed": [
            0.0,
            0.019999999552965164,
            0.0
        ],
        "PlayerSize": [
            1.0,
            1.0,
            1.0
        ],
        "Screw0MoveTSpeed": 0.004999999888241291,
        "Screw0Position0": [
            8.0,
            8.0,
            30.0
        ],
        "Screw0Position1": [
            8.0,
            8.0,
            30.0
        ],
        "Screw0Rotate": [
            0.029999999329447746,
            0.0,
            0.699999988079071
        ],
        "Screw0RotateSpeed": [
            0.009999999776482582,
            0.0,
            0.009999999776482582
        ],
        "Screw0Size": [
            1.0,
            1.0,
            1.0
        ],
        "Screw1MoveTSpeed": 0.0010000000474974513,
        "Screw1Position0": [
            40.0,
            -15.0,
            100.0
        ],
        "Screw1Position1": [
            45.0,
            -20.0,
            100.0
        ],
        "Screw1Rotate": [
            0.0,
            0.0,
            0.0
        ],
        "Screw1RotateSpeed": [
            0.0,
            0.03999999910593033,
            0.009999999776482582
        ],
        "Screw1Size": [
            1.0,
            1.0,
            1.0
        ],
        "Screw2MoveTSpeed": 0.004999999888241291,
        "Screw2Position0": [
            -12.899999618530273,
            -3.0,
            10.0
        ],
        "Screw2Position1": [
            -12.399999618530273,
            -3.490000009536743,
            10.0
        ],
        "Screw2Rotate": [
            0.0,
            0.0,
            0.0
        ],
        "Screw2RotateSpeed": [
            0.0,
            0.03999999910593033,
            -0.009999999776482582
        ],
        "Screw2Size": [
            1.0,
            1.0,
            1.0
        ]
    }
}
